,AAPL,FB,MSFT,GOOGL
1,-3.2633744180202484,-2.7286237105727196,-2.3512694984674454,-2.6950253173708916
